date,lake_id,lake_area_km2,temperature,precipitation,area_lag_1,area_lag_2,area_lag_3,area_change,growth_rate,growth_acceleration,area_rolling_mean_3,area_rolling_std_3,temp_lag_1,precip_lag_1,precip_rolling_3,month,growth_scaled,accel_scaled,precip_scaled,temp_scaled,growth_z,precip_z,risk_score,risk_level,predicted_risk,rule_num,model_num,final_score,final_risk
2025-12-08,L1,2.811335896489102,-12.237339917265388,1.7576943396496831,0.0,0.0,0.0,0.0,0.0,0.0,0.0,0.0,0.0,0.0,0.0,12,0.0768064373847197,0.0,-1.060924350938362,-0.2623661336124978,0.5951315940022451,-1.1056681291438673,0.0268822530846519,Low,Low,0,0,0.0,Low
2025-12-15,L1,2.785103887115419,-12.587016552098303,0.5184025290504257,2.811335896489102,0.0,0.0,-0.0262320093736834,-0.00933079871617,0.0,0.0,0.0,-12.237339917265388,1.7576943396496831,0.0,12,0.0410462611302743,0.0,-1.2194211693361516,-0.3421173297291157,0.5527297187547148,-1.251271643716545,0.0206242222401239,Low,Low,0,0,0.0,Low
2025-12-22,L1,2.758871877741735,-8.234233303523053,0.0734583404742337,2.785103887115419,2.811335896489102,0.0,-0.0262320093736838,-0.0094186825471895,-8.7883831019488e-05,2.785103887115419,0.0262320093736836,-12.587016552098303,0.5184025290504257,0.7831850697247807,12,0.0407094473823014,-0.0022474347724084,-1.276326441888394,0.6506274977201821,0.552330348952352,-1.3035478203936544,0.0510302919073602,Low,High,0,2,0.8,Medium
2025-12-29,L1,2.6884070109397142,-10.209298781140555,5.178473283640199,2.758871877741735,2.785103887115419,2.811335896489102,-0.0704648668020206,-0.0255411885454062,-0.0161225059982166,2.744127591932289,0.0500061690050125,-8.234233303523053,0.0734583404742337,1.9234447177216192,12,-0.0210798670909011,-0.4122974633493302,-0.6234304738486102,0.2001717950567796,0.479064971699144,-0.7037632407541127,0.0520781306319819,Low,Low,0,0,0.0,Low
2026-01-05,L1,2.6345289681725395,-14.83393550862536,6.777358289288626,2.6884070109397142,2.758871877741735,2.785103887115419,-0.0538780427671747,-0.0200408801747403,0.0055003083706658,2.693935952284663,0.0623555665865548,-10.209298781140555,5.178473283640199,4.009763304467686,1,0.0,0.140658231984249,-0.4189441823942449,-0.8545750020747659,0.5040599797847597,-0.5159113771099926,0.059010919498804,Low,Low,0,0,0.0,Low
2026-01-12,L1,2.478709901951285,-12.240710649735416,4.722737462080046,2.6345289681725395,2.6884070109397142,2.758871877741735,-0.1558190662212544,-0.0591449432151582,-0.0391040630404179,2.60054862702118,0.1089000324522386,-14.83393550862536,6.777358289288626,5.559523011669623,1,-0.14986586134014,-1.0,-0.6817159213351541,-0.2631349008662844,0.3263596935447461,-0.7573073187253359,0.0217301090848597,Low,Low,0,0,0.0,Low
2026-01-19,L1,2.238950660330604,-12.75172765477482,5.687203689363626,2.478709901951285,2.6345289681725395,2.6884070109397142,-0.239759241620681,-0.0967274312463666,-0.0375824880312083,2.450729843484809,0.1992679406292274,-12.240710649735416,4.722737462080046,5.729099813577432,1,-0.293900304366712,-0.961089081519818,-0.5583673869793518,-0.3796832010044897,0.1555738886565222,-0.6439928667309863,0.0117215193320207,Low,Low,0,0,0.0,Low
2026-01-26,L1,1.7647151351076311,-13.6376633674565,10.633230500334776,2.238950660330604,2.478709901951285,2.6345289681725395,-0.4742355252229728,-0.2118115122523276,-0.115084081005961,2.16079189912984,0.3633575728319975,-12.75172765477482,5.687203689363626,7.014390550592816,1,-0.7349586902605295,-2.94302105863041,0.0741951027784279,-0.5817396890010436,-0.3674017958724898,-0.0628876898155833,0.0061829252315356,Low,Low,0,0,0.0,Low
2026-02-02,L1,1.1745311737712931,-14.40820274229544,19.499331405270787,1.7647151351076311,2.238950660330604,2.478709901951285,-0.590183961336338,-0.3344358245674264,-0.1226243123150987,1.7260656564031762,0.533261237570192,-13.6376633674565,10.633230500334776,11.93992186498973,2,-1.20491492389666,-3.135845811939143,1.2081078527921767,-0.7574775870385247,-0.924642494258624,0.978784208016494,0.1068585796308837,Low,Low,0,0,0.0,Low
2026-02-09,L1,0.6221232101061104,-14.940961524094812,12.189025584698738,1.1745311737712931,1.7647151351076311,2.238950660330604,-0.5524079636651827,-0.470322096170049,-0.1358862716026226,1.1871231729950116,0.5714000311541904,-14.40820274229544,19.499331405270787,14.107195830101434,2,-1.7256974604064423,-3.474991114405957,0.2731704924660039,-0.8789845619338706,-1.5421494099700666,0.1199015695830973,0.129622787336384,Low,Low,0,0,0.0,Low
2026-02-16,L1,0.2717825874094595,-14.389860047807217,10.053096563329778,0.6221232101061104,1.1745311737712931,1.7647151351076311,-0.3503406226966509,-0.5631370394248693,-0.0928149432548202,0.6894789904289543,0.4551278429208094,-14.940961524094812,12.189025584698738,13.913817851099768,2,-2.0814096379810008,-2.3735370710426387,0.0,-0.7532941453106079,-1.9639276268956272,-0.1310472140118797,0.1234398621048483,Low,Low,0,0,0.0,Low
2026-02-23,L1,0.1235093056813408,-12.564091583700597,11.235238247773063,0.2717825874094595,0.6221232101061104,1.1745311737712931,-0.1482732817281186,-0.545558430145985,0.0175786092788842,0.3391383677323036,0.2560401477866416,-14.389860047807217,10.053096563329778,11.15912013193386,2,-2.0140398248232527,0.4495340870516441,0.1511877140453823,-0.3368888029460025,-1.8840452909519068,0.0078417728318058,0.0728243577969192,Low,Low,0,0,0.0,Low
2026-03-02,L1,0.0715340177653643,-10.185331679656915,12.997506013299963,0.1235093056813408,0.2717825874094595,0.6221232101061104,-0.0519752879159765,-0.4208208250322038,0.1247376051137811,0.1556086369520548,0.1039117303876201,-12.564091583700597,11.235238247773063,11.428613608134269,3,-1.5359844214100296,3.1898886053056046,0.3765695261513898,0.2056380024620356,-1.3172011727153423,0.2148893608851644,0.3575468945026035,Medium,Low,1,0,0.6,Medium
2026-03-09,L1,0.0528688546974231,-5.180982561990285,4.20123024169262,0.0715340177653643,0.1235093056813408,0.2717825874094595,-0.0186651630679412,-0.2609270896703162,0.1598937353618876,0.0826373927147093,0.0366057649866089,-10.185331679656915,12.997506013299963,9.477991500921885,3,-0.9231935626152804,4.08892894829424,-0.7484130740928352,1.3469862887430355,-0.590597328188378,-0.8185788316281118,0.7656402879642753,High,Low,2,0,1.2,Medium
2026-03-16,L1,0.0675138164775175,-8.367133418450221,12.787174680042742,0.0528688546974231,0.0715340177653643,0.1235093056813408,0.0146449617800944,0.2770054669031485,0.5379325565734647,0.0639722296467683,0.0098236554322075,-5.180982561990285,4.20123024169262,9.995303645011775,3,1.1384266288839906,13.75643640962471,0.3496696089200198,0.6203167989955103,1.8539253594444784,0.190177681936685,2.054921252737825,High,Low,2,0,1.2,Medium
2026-03-23,L1,0.0675138164775175,-11.08697088002126,31.136133963311185,0.0675138164775175,0.0528688546974231,0.0715340177653643,0.0,0.0,-0.2770054669031485,0.0626321625508193,0.0084552726261707,-8.367133418450221,12.787174680042742,16.041512961682184,3,0.0768064373847197,-7.083802688657597,2.696374107759849,0.0,0.5951315940022451,2.3459838750744906,2.147759768334845,High,Low,2,0,1.2,Medium
2026-03-30,L1,0.0675138164775175,-9.191518850234656,16.45113344480618,0.0675138164775175,0.0675138164775175,0.0528688546974231,0.0,0.0,0.0,0.0675138164775175,0.0,-11.08697088002126,31.136133963311185,20.1248140293867,3,0.0768064373847197,0.0,0.8182644967333199,0.4322981620701744,0.5951315940022451,0.6206535947412385,1.838430742066009,High,Low,2,0,1.2,Medium
2026-04-06,L1,0.0675138164775175,-7.820707394378344,19.51597533289544,0.0675138164775175,0.0675138164775175,0.0675138164775175,0.0,0.0,0.0,0.0675138164775175,0.0,-9.191518850234656,16.45113344480618,22.3677475803376,4,0.0768064373847197,0.0,1.2102364955796046,0.7449408792684253,0.5951315940022451,0.9807396912511256,0.6461504634909797,Medium,Low,1,0,0.6,Medium
2026-04-13,L1,0.0675138164775175,-9.557366374033498,30.34957566773617,0.0675138164775175,0.0675138164775175,0.0675138164775175,0.0,0.0,0.0,0.0675138164775175,0.0,-7.820707394378344,19.51597533289544,22.1055614818126,4,0.0768064373847197,0.0,2.595778762687129,0.348858850681234,0.5951315940022451,2.253571699610635,0.6552104606023147,Medium,Low,1,0,0.6,Medium
2026-04-20,L1,0.0675138164775175,-6.159805148807891,9.387193763759576,0.0675138164775175,0.0675138164775175,0.0675138164775175,0.0,0.0,0.0,0.0675138164775175,0.0,-9.557366374033498,30.34957566773617,19.75091492146373,4,0.0768064373847197,0.0,-0.0851643448228892,1.123744972885697,0.5951315940022451,-0.2092836609503314,0.6215940930819809,Medium,Low,1,0,0.6,Medium
2026-04-27,L1,0.0675138164775175,-6.159805148807891,9.387193763759576,0.0675138164775175,0.0675138164775175,0.0675138164775175,0.0,0.0,0.0,0.0675138164775175,0.0,-6.159805148807891,9.387193763759576,16.37465439841844,4,0.0768064373847197,0.0,-0.0851643448228892,1.123744972885697,0.5951315940022451,-0.2092836609503314,0.539681256464544,Medium,Low,1,0,0.6,Medium
2025-12-08,L2,5.751055185667958,-4.27883249116104,0.010135987137188,0.0,0.0,0.0,0.0,0.0,0.0,0.0,0.0,0.0,0.0,0.0,12,0.0762938186897395,0.2532477589359658,-0.4856407613309249,0.149361000319347,0.0012894218816687,-0.9634256845980352,0.1124189263233023,Low,Low,0,0,0.0,Low
2025-12-15,L2,5.846641524790483,-4.80176348881156,0.4602769246780208,5.751055185667958,0.0,0.0,0.0955863391225246,0.0166206610850705,0.0,0.0,0.0,-4.27883249116104,0.010135987137188,0.0,12,0.1119134562265396,0.2532477589359658,-0.44875508865349,0.0,0.0443337521584534,-0.9125922473291316,0.1074502878682913,Low,High,0,2,0.8,Medium
2025-12-22,L2,5.942227863913009,-1.1902740075719132,0.2632711863625435,5.846641524790483,5.751055185667958,0.0,0.0955863391225255,0.0163489310431001,-0.0002717300419704,5.846641524790484,0.0955863391225252,-4.80176348881156,0.4602769246780208,0.2445613660592507,12,0.1113311132286705,0.2512187654333156,-0.4648982308852981,1.031523631194741,0.0436300233709622,-0.9348396769785744,0.1571332338013858,Low,High,0,2,0.8,Medium
2025-12-29,L2,5.932221116249504,-3.666275882898219,0.0709849759066337,5.942227863913009,5.846641524790483,5.751055185667958,-0.0100067476635041,-0.0016840060483501,-0.0180329370914502,5.907030168317665,0.0525368913240035,-1.1902740075719132,0.2632711863625435,0.2648443623157326,12,0.0726848355846156,0.1185967945930601,-0.4806546432169751,0.3243211158478328,-0.0030718313899231,-0.9565541406091992,0.1542392778536368,Low,Low,0,0,0.0,Low
2026-01-05,L2,5.721034942677441,-8.160168169299068,2.0973232578944647,5.932221116249504,5.942227863913009,5.846641524790483,-0.211186173572063,-0.035599848595256,-0.0339158425469058,5.8651613076133176,0.124917334873597,-3.666275882898219,0.0709849759066337,0.8105264733878806,1,0.0,0.0,-0.3146114234834247,-0.9592368492372776,-0.0909073705861217,-0.7277241645893826,0.12007872804921,Low,Low,0,0,0.0,Low
2026-01-12,L2,5.260026270903702,-5.77805188449545,1.857779027067198,5.721034942677441,5.932221116249504,5.942227863913009,-0.4610086717737394,-0.0805813417314992,-0.0449814931362432,5.637760776610217,0.34374760737787,-8.160168169299068,2.0973232578944647,1.342029086956099,1,-0.0963995639629664,-0.0826266134784202,-0.3342402760342127,-0.2788501963637059,-0.2074008263511611,-0.754775373700487,0.0345790194933518,Low,Low,0,0,0.0,Low
2026-01-19,L2,4.750374526836843,-5.35776581845496,0.3123932246101664,5.260026270903702,5.721034942677441,5.932221116249504,-0.5096517440668586,-0.096891482631188,-0.0163101408996887,5.243811913472663,0.4855333044808934,-5.77805188449545,1.857779027067198,1.42249850319061,1,-0.1313537275818192,0.1314608204259321,-0.4608730483859039,-0.158806925786651,-0.2496409687951775,-0.9292924320125358,0.0109550683688276,Low,Low,0,0,0.0,Low
2026-01-26,L2,3.848102814578995,-6.306695533913755,1.0077162200303726,4.750374526836843,5.260026270903702,5.721034942677441,-0.9022717122578484,-0.1899369633195319,-0.0930454806883439,4.6195012041065135,0.7150019801244141,-5.35776581845496,0.3123932246101664,1.0592961572359123,1,-0.3307589305152427,-0.441517804704514,-0.4038965455282032,-0.4298428601077611,-0.490610950735837,-0.8507711180826891,0.0109550683688276,Low,Low,0,0,0.0,Low
2026-02-02,L2,2.601854206423277,-6.765600758569008,7.789298218617548,3.848102814578995,4.750374526836843,5.260026270903702,-1.2462486081557178,-0.3238605276954027,-0.1339235643758707,3.733443849279705,1.078839608352478,-6.306695533913755,1.0077162200303726,3.0364692210860285,2,-0.6177697056155034,-0.7467522410640342,0.1518032208641402,-0.5609166417620106,-0.8374473435443821,-0.0849418091724402,0.0236053367741727,Low,Low,0,0,0.0,Low
2026-02-09,L2,1.40264944335381,-7.344801629111528,2.7869583585244326,2.601854206423277,3.848102814578995,4.750374526836843,-1.199204763069467,-0.4609039046495971,-0.1370433769541943,2.617535488118694,1.222802099546717,-6.765600758569008,7.789298218617548,3.8613242657241176,2,-0.9114665320499348,-0.7700477125731968,-0.2581010009307116,-0.7263495990713857,-1.1923634536599392,-0.6498451722501721,0.012650268405345,Low,Low,0,0,0.0,Low
2026-02-16,L2,0.5944654212684631,-7.11663170213224,3.3981249682838017,1.40264944335381,2.601854206423277,3.848102814578995,-0.8081840220853468,-0.5761838967781825,-0.1152799921285854,1.5329896903485165,1.0100217169354853,-7.344801629111528,2.7869583585244326,4.658127181808594,2,-1.1585223810229817,-0.6075416970931455,-0.208020482499933,-0.6611790723871088,-1.4909165635567057,-0.5808274559594088,0.012650268405345,Low,Low,0,0,0.0,Low
2026-02-23,L2,0.5160867054138184,-5.559689943513336,5.936740322789736,0.5944654212684631,1.40264944335381,2.601854206423277,-0.0783787158546447,-0.1318473927169745,0.444336504061208,0.8377338566786973,0.4907983504720806,-7.11663170213224,3.3981249682838017,4.040607883199324,2,-0.2062675255740731,3.571084363210703,0.0,-0.2164810538127808,-0.3401700838019046,-0.2941471440594339,0.2975903636008919,Low,Low,0,0,0.0,Low
2026-03-02,L2,0.7764925548057556,-5.398340890556938,13.21139599231795,0.5160867054138184,0.5944654212684631,1.40264944335381,0.2604058493919372,0.5045777127375015,0.6364251054544761,0.6290148938293457,0.1335965985347479,-5.559689943513336,5.936740322789736,7.515420427797163,3,1.1576512415302511,5.005399543578447,0.5961034544717967,-0.170396090292885,1.3080490992621818,0.5273639023476534,0.8994415916169416,Medium,Medium,1,1,1.0,Medium
2026-03-09,L2,0.9713344671122234,0.4399923968875409,11.05924502556526,0.7764925548057556,0.5160867054138184,0.5944654212684631,0.1948419123064677,0.2509256670918224,-0.253652045645679,0.754637909110599,0.2284093918530755,-5.398340890556938,13.21139599231795,10.069127113557649,3,0.6140510874736458,-1.64075832451756,0.4197508291235106,1.497164838258587,0.6511388613197209,0.2843261734103485,1.0809183628287553,High,High,2,2,2.0,High
2026-03-16,L2,0.7618278770866395,-2.276930463693182,11.790830683256624,0.9713344671122234,0.7764925548057556,0.5160867054138184,-0.2095065900255839,-0.2156894428429445,-0.466615109934767,0.8365516330015396,0.1169554294221811,0.4399923968875409,11.05924502556526,12.020490567046611,3,-0.3859489125263542,-3.230941988472207,0.4796987850959924,0.7211498036362941,-0.5573049425318441,0.3669425509392421,0.8593603881676776,Medium,Medium,1,1,1.0,Medium
2026-03-23,L2,0.3697959667689006,-5.342883166278357,29.66568739980913,0.7618278770866395,0.9713344671122234,0.7764925548057556,-0.3920319103177389,-0.5145938106346754,-0.2989043677917308,0.7009861036559211,0.3053496895273741,-2.276930463693182,11.790830683256624,17.505254369543675,3,-1.026529042547257,-1.9786549624762568,1.9444091880306205,-0.1545561014398641,-1.3314100315260338,2.385511252012091,0.5862099258208464,Medium,Low,1,0,0.6,Medium
2026-03-30,L2,0.1995872384910583,-3.875024914736084,21.20993924644449,0.3697959667689006,0.7618278770866395,0.9713344671122234,-0.1702087282778422,-0.4602774058490803,0.054316404785595,0.4437370274488661,0.2883211651317752,-5.342883166278357,29.66568739980913,20.88881910983675,3,-0.9101238862864824,0.6588254109252023,1.2515240655804094,0.2646976390390705,-1.1907409417063275,1.4306219996282887,0.5771638262697869,Medium,Low,1,0,0.6,Medium
2026-04-06,L2,0.3156691916058858,-2.197489849695874,12.274454688620017,0.1995872384910583,0.3697959667689006,0.7618278770866395,0.1160819531148275,0.5816100968801574,1.0418875027292378,0.2950174656219482,0.0869633436286266,-3.875024914736084,21.20993924644449,21.050027111624548,4,1.3227388747906166,8.032965298450296,0.5193281439768783,0.7438398518949187,1.50754822676819,0.4215571582501931,1.405334085519222,High,Medium,2,1,1.6,High
2026-04-13,L2,0.553512328318278,-4.342173327117921,25.4220683640544,0.3156691916058858,0.1995872384910583,0.3697959667689006,0.2378431367123922,0.753456919575922,0.1718468226957645,0.356256252805074,0.1804195789122821,-2.197489849695874,12.274454688620017,19.63548743303964,4,1.6910227538098557,1.536418674350509,1.596676445535095,0.1312694152687586,1.9525985984274088,1.9062885818287203,1.5415740385483916,High,Medium,2,1,1.6,High
2026-04-20,L2,0.9131166486282348,-0.6807863298267497,14.373186697773216,0.553512328318278,0.3156691916058858,0.1995872384910583,0.3596043203099568,0.649677165100429,-0.1037797544754929,0.5940993895174662,0.3007845543378216,-4.342173327117921,25.4220683640544,17.35656991681588,4,1.4686129941044712,-0.5216700455530485,0.6913034865222516,1.177044913238258,1.6838289023953217,0.6585624004624763,1.6569424190719255,High,High,2,2,2.0,High
2026-04-27,L2,1.1910486516647338,-0.6807863298267497,14.373186697773216,0.9131166486282348,0.553512328318278,0.3156691916058858,0.277932003036499,0.3043773251249259,-0.3452998399755031,0.8858925428704155,0.3196388662964162,-0.6807863298267497,14.373186697773216,18.05614725320028,4,0.7286030102362329,-2.325087439837437,0.6913034865222516,1.177044913238258,0.7895684226014522,0.6585624004624763,0.9542043249490044,Medium,High,1,2,1.4,Medium
2025-12-08,L3,1.1669666916841095,-10.242320271668689,7.710402550565844,0.0,0.0,0.0,0.0,0.0,0.0,0.0,0.0,0.0,0.0,0.0,12,0.3774473696579031,0.0095395731627681,-0.9829383431325392,-0.1974314738140514,0.010050570617838,-1.3454402498787366,0.1344914726709581,Low,Low,0,0,0.0,Low
2025-12-15,L3,1.132661470111593,-12.040547889775398,2.244346015951912,1.1669666916841095,0.0,0.0,-0.0343052215725165,-0.0293969157962931,0.0,0.0,0.0,-10.242320271668689,7.710402550565844,0.0,12,0.2490399416166525,0.0095395731627681,-1.2041226501892648,-0.576184283906772,-0.0772148391065274,-1.6165336183646135,0.1120201727637392,Low,Low,0,0,0.0,Low
2025-12-22,L3,1.0983562485390757,-7.783933192001882,0.4463572685933611,1.132661470111593,1.1669666916841095,0.0,-0.0343052215725172,-0.0302872680653094,-0.0008903522690162,1.132661470111593,0.0343052215725169,-12.040547889775398,2.244346015951912,3.4670352783703726,12,0.2451508314219874,0.0,-1.2768783731976037,0.3203678333169247,-0.0798578699636803,-1.705706282960107,0.1192994371742376,Low,High,0,2,0.8,Medium
2025-12-29,L3,1.0376434021835976,-8.634819599768264,32.00144121012267,1.0983562485390757,1.132661470111593,1.1669666916841095,-0.060712846355478,-0.0552760968367341,-0.0249888287714247,1.0895537069447554,0.0481167524058106,-7.783933192001882,0.4463572685933611,11.564048164889314,12,0.1359981823979538,-0.2582002514128382,0.0,0.1411493546515096,-0.1540377736100814,-0.1407071022174615,0.0973928686295883,Low,Low,0,0,0.0,Low
2026-01-05,L3,0.9848281526176752,-12.67637415925448,29.222014215541044,1.0376434021835976,1.0983562485390757,1.132661470111593,-0.0528152495659224,-0.050899229402682,0.0043768674340521,1.040275934446783,0.0568098126248643,-8.634819599768264,32.00144121012267,20.556604231419023,1,0.1551165924372481,0.0564349971021183,-0.1124696808235107,-0.7101055872340593,-0.1410449435938812,-0.2785549677948213,0.0903430965536036,Low,Low,0,0,0.0,Low
2026-01-12,L3,0.8997283643913369,-10.346187826712846,19.302478791007523,0.9848281526176752,1.0376434021835976,1.0983562485390757,-0.0850997882263383,-0.0864107996914415,-0.0355115702887594,0.97406663973087,0.0695844597020037,-12.67637415925448,29.222014215541044,26.841978072223743,1,0.0,-0.3709449099831251,-0.5138642795266606,-0.2193086421737805,-0.246461843539384,-0.7705221209010615,0.0457237745551922,Low,Low,0,0,0.0,Low
2026-01-19,L3,0.7640423270609538,-11.529436915420758,21.079091358903504,0.8997283643913369,0.9848281526176752,1.0376434021835976,-0.1356860373303831,-0.1508077801039141,-0.0643969804124726,0.8828662813566552,0.1113545803947553,-10.346187826712846,19.302478791007523,23.20119478848402,1,-0.2812897341234387,-0.680434190575626,-0.4419735449083994,-0.4685312171554857,-0.4376257370460283,-0.6824096247211655,0.0227998522095221,Low,Low,0,0,0.0,Low
2026-01-26,L3,0.5891265274375915,-12.031624535297258,36.238278608351735,0.7640423270609538,0.8997283643913369,0.9848281526176752,-0.1749157996233622,-0.2289346982859076,-0.0781269181819934,0.7509657396299607,0.1557132721828501,-11.529436915420758,21.079091358903504,25.539949586087587,1,-0.6225526303420968,-0.8275419707549491,0.1714438806303902,-0.5743047968218125,-0.6695472614976973,0.0694221774084361,0.0142869900525325,Low,Low,0,0,0.0,Low
2026-02-02,L3,0.4151631009712219,-12.870524357468224,55.03230452870189,0.5891265274375915,0.7640423270609538,0.8997283643913369,-0.1739634264663696,-0.2952904314511593,-0.0663557331652516,0.589443985156589,0.1744398296943527,-12.031624535297258,36.238278608351735,37.44989149865238,2,-0.9123983097523128,-0.7014210132559967,0.9319452720219435,-0.7509985934436604,-0.8665257568729345,1.0015266592949312,0.0919490960543611,Low,Low,0,0,0.0,Low
2026-02-09,L3,0.3045823722750346,-13.252158761253392,44.80925853979104,0.4151631009712219,0.5891265274375915,0.7640423270609538,-0.1105807286961872,-0.2663549059092621,0.0289355255418972,0.436290666894616,0.1434438029009215,-12.870524357468224,55.03230452870189,45.35994722561489,2,-0.7860062610216273,0.319565809424374,0.5182691000417737,-0.8313805770180641,-0.7806299945589197,0.4945066612817527,0.1617686718432067,Low,Low,0,0,0.0,Low
2026-02-16,L3,0.2291388357755872,-12.402450211270102,45.791769248895456,0.3045823722750346,0.4151631009712219,0.5891265274375915,-0.0754435364994474,-0.2476950190384711,0.0186598868707909,0.3162947696739479,0.0935635719712323,-13.252158761253392,44.80925853979104,48.54444410579614,2,-0.7044987961833905,0.2094687048193605,0.5580264550916006,-0.6524101853805332,-0.7252376981536206,0.543235051853252,0.2114396117832544,Medium,Low,1,0,0.6,Medium
2026-02-23,L3,0.18883249147288,-10.950450791279788,26.690486937558376,0.2291388357755872,0.3045823722750346,0.4151631009712219,-0.0403063443027071,-0.1759035921007393,0.0717914269377318,0.2408512331745006,0.0587570754552181,-12.402450211270102,45.791769248895456,39.09717157541496,2,-0.3909096920622044,0.7787402520005416,-0.2149080846764529,-0.3465819047797973,-0.5121232228178096,-0.4041080521539602,0.1986725267814708,Medium,Low,1,0,0.6,Medium
2026-03-02,L3,0.1316371284077962,-8.555951357675001,39.772265738797095,0.18883249147288,0.2291388357755872,0.3045823722750346,-0.0571953630650838,-0.3028894160054979,-0.1269858239047586,0.1832028185520877,0.0489940368596449,-10.950450791279788,26.690486937558376,37.41817397508365,3,-0.9455911136882568,-1.351034887002717,0.3144468828212836,0.1577610271778981,-0.8890835144696381,0.2446930457778643,0.1629449092532937,Low,Low,0,0,0.0,Low
2026-03-09,L3,0.0974189326856401,-4.352491851290154,13.441498043728878,0.1316371284077962,0.18883249147288,0.2291388357755872,-0.0342181957221561,-0.2599433468052584,0.0429460692002395,0.1392961841887721,0.0461855554706058,-8.555951357675001,39.772265738797095,26.634750240028115,3,-0.7580002001142652,0.4696801079217491,-0.751029218646925,1.0431172991666788,-0.7615971362801807,-1.0612020660039094,0.1902828532125267,Low,Low,0,0,0.0,Low
2026-03-16,L3,0.0861779043064117,-6.644943240863419,43.09710249138816,0.0974189326856401,0.1316371284077962,0.18883249147288,-0.0112410283792283,-0.1153885396743354,0.1445548071309229,0.1050779884666159,0.0236776501276269,-4.352491851290154,13.441498043728878,32.103622091304715,3,-0.1265764438499608,1.5583548080349106,0.4489866023689392,0.5602682999304144,-0.3324829203767112,0.4095909368292637,0.3206796980759898,Medium,Low,1,0,0.6,Medium
2026-03-23,L3,0.097914043270111,-9.304962925569985,59.97428259100074,0.0861779043064117,0.0974189326856401,0.1316371284077962,0.0117361389636992,0.1361850123666342,0.2515735520409696,0.0938369600873876,0.0066375549123181,-6.644943240863419,43.09710249138816,38.83762770870592,3,0.9723113784179822,2.704994382486796,1.1319227121155655,0.0,0.4143188613747445,1.2466279441806587,0.7197671585142826,Medium,Low,1,0,0.6,Medium
2026-03-30,L3,0.1096501822338104,-7.283864069397363,54.3793313188921,0.097914043270111,0.0861779043064117,0.0974189326856401,0.0117361389636994,0.1198616518298958,-0.0163233605367383,0.097914043270111,0.0117361389636675,-9.304962925569985,59.97428259100074,52.48357213376033,3,0.9010099957138508,-0.1653551258472293,0.9055226717389436,0.4256952031781875,0.3658625962621766,0.9691419399168184,0.8303341001995735,Medium,Low,1,0,0.6,Medium
2026-04-06,L3,0.2095461614831288,-5.7999315166950725,60.14916291509808,0.1096501822338104,0.097914043270111,0.0861779043064117,0.0998959792493184,0.911042528286065,0.7911808764561692,0.13903679566235,0.0613442111431829,-7.283864069397363,54.3793313188921,58.16759227499697,4,4.356933813203912,8.486552682003722,1.1389992549684214,0.7382494197104709,2.7145009305848675,1.255301271256812,2.149059644943057,High,Medium,2,1,1.6,High
2026-04-13,L3,0.3976019810180664,-7.499355365746884,76.78924943443211,0.2095461614831288,0.1096501822338104,0.097914043270111,0.1880558195349375,0.8974433996018512,-0.0135991286842138,0.2389327749116685,0.1462078636475151,-5.7999315166950725,60.14916291509808,63.77258122280743,4,4.2975320327572,-0.13616666867823,1.8123413587018604,0.3803072149051362,2.6741316093694785,2.0805794362111207,2.720636104036181,High,Medium,2,1,1.6,High
2026-04-20,L3,0.5066940624825272,-4.524223326402525,31.71888862841071,0.3976019810180664,0.2095461614831288,0.1096501822338104,0.1090920814644608,0.2743750953783701,-0.623068304223481,0.3712807349945741,0.1503124238420048,-7.499355365746884,76.78924943443211,56.2191003259803,4,1.575933651696783,-6.666251437185745,-0.0114335072455417,1.006946250448908,0.8245392497116689,-0.1547205195075347,2.7529795269528137,High,Medium,2,1,1.6,High
2026-04-27,L3,0.4486625655908922,-4.524223326402525,31.71888862841071,0.5066940624825272,0.3976019810180664,0.2095461614831288,-0.058031496891635,-0.1145296564307702,-0.3889047518091403,0.4509862030304952,0.0545831478368075,-4.524223326402525,31.71888862841071,46.74234223041784,4,-0.1228247921781265,-4.157333991758714,-0.0114335072455417,1.006946250448908,-0.32993330603368,-0.1547205195075347,1.2893094288682672,High,Medium,2,1,1.6,High
2025-12-08,L4,5.263823116037525,-4.039804133037649,0.0439065819513353,0.0,0.0,0.0,0.0,0.0,0.0,0.0,0.0,0.0,0.0,0.0,12,0.3641994137179878,0.0,-0.5506225690401944,0.0760821162978843,0.8800680996295966,-0.9710800983629042,0.1388821122459783,Low,Low,0,0,0.0,Low
2025-12-15,L4,4.526952426962753,-4.333668873633948,0.361620244084112,5.263823116037525,0.0,0.0,-0.736870689074772,-0.1399877375874799,0.0,0.0,0.0,-4.039804133037649,0.0439065819513353,0.0,12,0.0,0.0,-0.5237330050252478,0.0,0.2752579472623349,-0.9355462689556706,0.0694410561229891,Low,Low,0,0,0.0,Low
2025-12-22,L4,3.79008173788798,-0.7859072400751675,0.2633527207543451,4.526952426962753,5.263823116037525,0.0,-0.7368706890747729,-0.162774118121042,-0.022786380533562,4.526952426962752,0.7368706890747726,-4.333668873633948,0.361620244084112,0.2229598489299308,12,-0.0592822383881465,-0.2325078617108629,-0.5320498361033578,0.9185219453476368,0.1768105080800998,-0.9465367356130724,0.0922201346827079,Low,High,0,2,0.8,Medium
2025-12-29,L4,2.801716570149235,-3.402448705231523,0.2181613020644088,3.79008173788798,4.526952426962753,5.263823116037525,-0.988365167738745,-0.260776742057682,-0.09800262393664,3.706250244999989,0.8656676497413087,-0.7859072400751675,0.2633527207543451,0.2810447556342886,12,-0.3142509863346878,-1.0,-0.5358745930799133,0.2410945968120035,-0.2466050205726889,-0.9515910482026516,0.057980827107982,Low,Low,0,0,0.0,Low
2026-01-05,L4,2.4242388555512893,-7.8779716166307105,2.418067572058575,2.801716570149235,3.79008173788798,4.526952426962753,-0.3774777145979455,-0.1347308712878972,0.1260458707697847,3.005345721196168,0.705322846769139,-3.402448705231523,0.2181613020644088,0.9665271982924428,1,0.0136765380832406,1.2861479183585436,-0.3496864383849193,-0.917626432284494,0.297969980204778,-0.7055484525360934,0.1667554164142387,Low,Low,0,0,0.0,Low
2026-01-12,L4,2.657648594094144,-5.6621367076663445,2.1149699651985165,2.4242388555512893,2.801716570149235,3.79008173788798,0.2334097385428548,0.0962816588837224,0.2310125301716196,2.6278680065982227,0.1904928313565253,-7.8779716166307105,2.418067572058575,1.5837329464405,1,0.614690809047054,2.357207602124738,-0.3753389786242326,-0.3439427406015387,1.2960482832027969,-0.7394475885808162,0.3889772137127413,Medium,Low,1,0,0.6,Medium
2026-01-19,L4,2.567404126242568,-5.081263309205293,0.4564636854402014,2.657648594094144,2.4242388555512893,2.801716570149235,-0.0902444678515759,-0.0339565087920646,-0.130238167675787,2.549763858629334,0.117700513137211,-5.6621367076663445,2.1149699651985165,1.6631670742324307,1,0.2758563859134889,-1.3289253128568037,-0.5157059697047566,-0.1935535603059234,0.7333606693194603,-0.9249387595306152,0.4091057288953815,Medium,Low,1,0,0.6,Medium
2026-01-26,L4,2.027994209266563,-5.974660914087882,1.1881924563993358,2.567404126242568,2.657648594094144,2.4242388555512893,-0.5394099169760054,-0.2100993417679979,-0.1761428329759333,2.4176823098677587,0.3404829332097002,-5.081263309205293,0.4564636854402014,1.253208702346018,1,-0.1824060133939619,-1.7973277234884242,-0.4537764086773778,-0.424855826569658,-0.0276557988837043,-0.8431005246083778,0.3003311395891248,Low,Low,0,0,0.0,Low
2026-02-02,L4,1.2914251741714444,-6.431110504852192,7.806367469070722,2.027994209266563,2.567404126242568,2.657648594094144,-0.7365690350951184,-0.3632007585275617,-0.1531014167595638,1.9622745032268585,0.6405231310058928,-5.974660914087882,1.1881924563993358,3.150341203636753,2,-0.5807226601529806,-1.5622175265281253,0.1063500884670077,-0.5430314565488926,-0.6891229587492628,-0.1029085532942803,0.041045752395491,Low,Low,0,0,0.0,Low
2026-02-09,L4,0.7743263184007833,-6.954494877315946,3.2690170305258404,1.2914251741714444,2.027994209266563,2.567404126242568,-0.5170988557706612,-0.4004094593420193,-0.0372087008144575,1.3645819006129305,0.6300275590120575,-6.431110504852192,7.806367469070722,4.087858985331966,2,-0.6775267606790362,-0.3796704549310171,-0.2776666839200417,-0.6785366233595855,-0.849881325137725,-0.6103763007048733,0.0088625073722506,Low,Low,0,0,0.0,Low
2026-02-16,L4,0.4766976419545791,-6.825572263349516,4.937898840858059,0.7743263184007833,1.2914251741714444,2.027994209266563,-0.2976286764462041,-0.384371122837329,0.0160383365046903,0.847483044842269,0.4122610434006281,-6.954494877315946,3.2690170305258404,5.3377611134848735,2,-0.6358005862820122,0.163652113182799,-0.1364215641129053,-0.6451583239102616,-0.7805884791192839,-0.4237247064640273,0.0225001834708172,Low,Low,0,0,0.0,Low
2026-02-23,L4,0.2347661300284591,-5.065397628593733,6.549787925563945,0.4766976419545791,0.7743263184007833,1.2914251741714444,-0.2419315119261199,-0.5075156464675187,-0.1231445236301896,0.4952633634612738,0.2702587902925558,-6.825572263349516,4.937898840858059,4.918901265649281,2,-0.9561798143602518,-1.2565431279656776,0.0,-0.1894459067133747,-1.3126283519219006,-0.243447310223559,0.0136376760985665,Low,Low,0,0,0.0,Low
2026-03-02,L4,0.0810679343032837,-4.619747395068528,13.003693144925768,0.2347661300284591,0.4766976419545791,0.7743263184007833,-0.1536981957251754,-0.6546864136941032,-0.1471707672265845,0.2641772354287739,0.1994479286297974,-5.065397628593733,6.549787925563945,8.16379330378259,3,-1.3390669733648295,-1.501702314845492,0.5462235913226221,-0.0740662499827197,-1.948472431441321,0.4783723481939526,0.0591563087087851,Low,Low,0,0,0.0,Low
2026-03-09,L4,0.0374246812871297,0.986029144586358,11.314758452728274,0.0810679343032837,0.2347661300284591,0.4766976419545791,-0.0436432530161539,-0.5383540778636344,0.1163323358304687,0.1177529152062908,0.1036593108009372,-4.619747395068528,13.003693144925768,10.289413174405995,3,-1.036410689064039,1.1870328686880782,0.4032813041762508,1.3772795010064556,-1.445864281817522,0.2894779933537016,0.2469087887325687,Low,Low,0,0,0.0,Low
2026-03-16,L4,0.0156030547790527,-1.7996686942145337,11.847166986433368,0.0374246812871297,0.0810679343032837,0.2347661300284591,-0.021821626508077,-0.5830811581441958,-0.0447270802805613,0.044698556789822,0.0333330850868195,0.986029144586358,11.314758452728274,12.055206194695804,3,-1.1527749985116311,-0.4563865586851833,0.4483414795966708,0.6560572593984613,-1.6391054378332364,0.349023792815501,0.317073441668881,Medium,Low,1,0,0.6,Medium
2026-03-23,L4,0.0156030547790527,-4.815394123870192,32.37743534348314,0.0156030547790527,0.0374246812871297,0.0810679343032837,0.0,0.0,0.5830811581441958,0.022876930281745,0.0125987219387181,-1.7996686942145337,11.847166986433368,18.5131202608816,3,0.3641994137179878,5.949648435139507,2.185912226555021,-0.1247195442288558,0.8800680996295966,2.6451763994958437,1.1586747958003052,High,Low,2,0,1.2,Medium
2026-03-30,L4,0.0156030547790527,-3.2168121306498034,21.891032323129348,0.0156030547790527,0.0156030547790527,0.0374246812871297,0.0,0.0,0.0,0.0156030547790527,0.0,-4.815394123870192,32.37743534348314,22.03854488434862,3,0.3641994137179878,0.0,1.298399856424424,0.2891562439079027,0.8800680996295966,1.472352878091758,1.1224323715091509,High,Low,2,0,1.2,Medium
2026-04-06,L4,0.0156030547790527,-1.4476778724824158,11.76691132172136,0.0156030547790527,0.0156030547790527,0.0156030547790527,0.0,0.0,0.0,0.0156030547790527,0.0,-3.2168121306498034,21.891032323129348,22.01179299611128,4,0.3641994137179878,0.0,0.4415490747018074,0.7471883239163395,0.8800680996295966,0.3400478140058492,1.168912822594238,High,Low,2,0,1.2,Medium
2026-04-13,L4,0.0156030547790527,-3.5896957436269514,23.567762765664355,0.0156030547790527,0.0156030547790527,0.0156030547790527,0.0,0.0,0.0,0.0156030547790527,0.0,-1.4476778724824158,11.76691132172136,19.075235470171688,4,0.3641994137179878,0.0,1.4403092419626278,0.1926159977030132,0.8800680996295966,1.6598822814765417,0.45393933750173,Medium,Low,1,0,0.6,Medium
2026-04-20,L4,0.0156030547790527,0.0145125866396066,13.92985492609417,0.0156030547790527,0.0156030547790527,0.0156030547790527,0.0,0.0,0.0,0.0156030547790527,0.0,-3.5896957436269514,23.567762765664355,16.42150967115996,4,0.3641994137179878,0.0,0.6246089095231249,1.125752095585038,0.8800680996295966,0.5819564198218957,0.4396198845104786,Medium,Low,1,0,0.6,Medium
2026-04-27,L4,0.0156030547790527,0.0145125866396066,13.92985492609417,0.0156030547790527,0.0156030547790527,0.0156030547790527,0.0,0.0,0.0,0.0156030547790527,0.0,0.0145125866396066,13.92985492609417,17.142490872617564,4,0.3641994137179878,0.0,0.6246089095231249,1.125752095585038,0.8800680996295966,0.5819564198218957,0.4738030593290233,High,Low,2,0,1.2,Medium
